<?xml version="1.0" encoding="UTF-8"?>
<StructureTemplate Version="1.1" xmlns:xsi="http://www.w3.org/2001/XMLSchema-instance"><Preview ID="UM_AAPMTG263_Lung" Type="Structure" ApprovalStatus="Unapproved" Diagnosis="" TreatmentSite="" Description="" AssignedUsers="cmayo" LastModified=" March 03 2018 14:07:37:573" ApprovalHistory="cmayo Created [ March 02 2018 14:54:45:725 ]"/><Structures><Structure ID="SpinalCord_PRV" Name="SpinalCord_PRV"><Identification><VolumeID></VolumeID><VolumeCode></VolumeCode><VolumeType>Avoidance</VolumeType><VolumeCodeTable></VolumeCodeTable><StructureCode Code="7647" CodeScheme="FMA" CodeSchemeVersion="3.2"/></Identification><TypeIndex>2</TypeIndex><ColorAndStyle>Green</ColorAndStyle><SearchCTLow>1000</SearchCTLow><SearchCTHigh>1000</SearchCTHigh><DVHLineStyle>0</DVHLineStyle><DVHLineColor>-16777216</DVHLineColor><DVHLineWidth>1</DVHLineWidth><EUDAlpha xsi:nil="true"></EUDAlpha><TCPAlpha xsi:nil="true"></TCPAlpha><TCPBeta xsi:nil="true"></TCPBeta><TCPGamma xsi:nil="true"></TCPGamma></Structure><Structure ID="SpinalCord" Name="SpinalCord"><Identification><VolumeID></VolumeID><VolumeCode></VolumeCode><VolumeType>Organ</VolumeType><VolumeCodeTable></VolumeCodeTable><StructureCode Code="7647" CodeScheme="FMA" CodeSchemeVersion="3.2"/></Identification><TypeIndex>2</TypeIndex><ColorAndStyle>Green</ColorAndStyle><SearchCTLow>1000</SearchCTLow><SearchCTHigh>1000</SearchCTHigh><DVHLineStyle>0</DVHLineStyle><DVHLineColor>-16777216</DVHLineColor><DVHLineWidth>1</DVHLineWidth><EUDAlpha xsi:nil="true"></EUDAlpha><TCPAlpha xsi:nil="true"></TCPAlpha><TCPBeta xsi:nil="true"></TCPBeta><TCPGamma xsi:nil="true"></TCPGamma></Structure><Structure ID="Lungs-GTV" Name="Lungs-GTV"><Identification><VolumeID></VolumeID><VolumeCode></VolumeCode><VolumeType>Organ</VolumeType><VolumeCodeTable></VolumeCodeTable><StructureCode Code="68877" CodeScheme="FMA" CodeSchemeVersion="3.2"/></Identification><TypeIndex>2</TypeIndex><ColorAndStyle>Yellow</ColorAndStyle><SearchCTLow>1000</SearchCTLow><SearchCTHigh>1000</SearchCTHigh><DVHLineStyle>0</DVHLineStyle><DVHLineColor>-16777216</DVHLineColor><DVHLineWidth>1</DVHLineWidth><EUDAlpha xsi:nil="true"></EUDAlpha><TCPAlpha xsi:nil="true"></TCPAlpha><TCPBeta xsi:nil="true"></TCPBeta><TCPGamma xsi:nil="true"></TCPGamma></Structure><Structure ID="Lung_R" Name="Lung_R"><Identification><VolumeID></VolumeID><VolumeCode></VolumeCode><VolumeType>Organ</VolumeType><VolumeCodeTable></VolumeCodeTable><StructureCode Code="7309" CodeScheme="FMA" CodeSchemeVersion="3.2"/></Identification><TypeIndex>2</TypeIndex><ColorAndStyle>Contour - Orange</ColorAndStyle><SearchCTLow>1000</SearchCTLow><SearchCTHigh>1000</SearchCTHigh><DVHLineStyle>1</DVHLineStyle><DVHLineColor>55295</DVHLineColor><DVHLineWidth>1</DVHLineWidth><EUDAlpha xsi:nil="true"></EUDAlpha><TCPAlpha xsi:nil="true"></TCPAlpha><TCPBeta xsi:nil="true"></TCPBeta><TCPGamma xsi:nil="true"></TCPGamma></Structure><Structure ID="Lung_L" Name="Lung_L"><Identification><VolumeID></VolumeID><VolumeCode></VolumeCode><VolumeType>Organ</VolumeType><VolumeCodeTable></VolumeCodeTable><StructureCode Code="7310" CodeScheme="FMA" CodeSchemeVersion="3.2"/></Identification><TypeIndex>2</TypeIndex><ColorAndStyle>Contour - Orange</ColorAndStyle><SearchCTLow>1000</SearchCTLow><SearchCTHigh>1000</SearchCTHigh><DVHLineStyle>0</DVHLineStyle><DVHLineColor>-16777216</DVHLineColor><DVHLineWidth>1</DVHLineWidth><EUDAlpha xsi:nil="true"></EUDAlpha><TCPAlpha xsi:nil="true"></TCPAlpha><TCPBeta xsi:nil="true"></TCPBeta><TCPGamma xsi:nil="true"></TCPGamma></Structure><Structure ID="ITV" Name="ITV"><Identification><VolumeID></VolumeID><VolumeCode></VolumeCode><VolumeType>GTV</VolumeType><VolumeCodeTable></VolumeCodeTable><StructureCode Code="ITV" CodeScheme="99VMS_STRUCTCODE" CodeSchemeVersion="1.0"/></Identification><TypeIndex>2</TypeIndex><ColorAndStyle>Pink</ColorAndStyle><SearchCTLow>1000</SearchCTLow><SearchCTHigh>1000</SearchCTHigh><DVHLineStyle>0</DVHLineStyle><DVHLineColor>-16777216</DVHLineColor><DVHLineWidth>1</DVHLineWidth><EUDAlpha xsi:nil="true"></EUDAlpha><TCPAlpha xsi:nil="true"></TCPAlpha><TCPBeta xsi:nil="true"></TCPBeta><TCPGamma xsi:nil="true"></TCPGamma></Structure><Structure ID="Heart" Name="Heart"><Identification><VolumeID></VolumeID><VolumeCode></VolumeCode><VolumeType>Organ</VolumeType><VolumeCodeTable></VolumeCodeTable><StructureCode Code="71331" CodeScheme="FMA" CodeSchemeVersion="3.2"/></Identification><TypeIndex>2</TypeIndex><ColorAndStyle>Red</ColorAndStyle><SearchCTLow>1000</SearchCTLow><SearchCTHigh>1000</SearchCTHigh><DVHLineStyle>0</DVHLineStyle><DVHLineColor>-16777216</DVHLineColor><DVHLineWidth>1</DVHLineWidth><EUDAlpha xsi:nil="true"></EUDAlpha><TCPAlpha xsi:nil="true"></TCPAlpha><TCPBeta xsi:nil="true"></TCPBeta><TCPGamma xsi:nil="true"></TCPGamma></Structure><Structure ID="GTV" Name="GTV"><Identification><VolumeID></VolumeID><VolumeCode></VolumeCode><VolumeType>GTV</VolumeType><VolumeCodeTable></VolumeCodeTable><StructureCode Code="GTVp" CodeScheme="99VMS_STRUCTCODE" CodeSchemeVersion="1.0"/></Identification><TypeIndex>2</TypeIndex><ColorAndStyle>Red</ColorAndStyle><SearchCTLow>1000</SearchCTLow><SearchCTHigh>1000</SearchCTHigh><DVHLineStyle>0</DVHLineStyle><DVHLineColor>-16777216</DVHLineColor><DVHLineWidth>1</DVHLineWidth><EUDAlpha xsi:nil="true"></EUDAlpha><TCPAlpha xsi:nil="true"></TCPAlpha><TCPBeta xsi:nil="true"></TCPBeta><TCPGamma xsi:nil="true"></TCPGamma></Structure><Structure ID="GreatVes" Name="GreatVes"><Identification><VolumeID></VolumeID><VolumeCode></VolumeCode><VolumeType>Organ</VolumeType><VolumeCodeTable></VolumeCodeTable><StructureCode Code="GreatVessels" CodeScheme="99VMS_STRUCTCODE" CodeSchemeVersion="1.0"/></Identification><TypeIndex>2</TypeIndex><ColorAndStyle>Blue</ColorAndStyle><SearchCTLow>1000</SearchCTLow><SearchCTHigh>1000</SearchCTHigh><DVHLineStyle>0</DVHLineStyle><DVHLineColor>-16777216</DVHLineColor><DVHLineWidth>1</DVHLineWidth><EUDAlpha xsi:nil="true"></EUDAlpha><TCPAlpha xsi:nil="true"></TCPAlpha><TCPBeta xsi:nil="true"></TCPBeta><TCPGamma xsi:nil="true"></TCPGamma></Structure><Structure ID="Esophagus" Name="Esophagus"><Identification><VolumeID></VolumeID><VolumeCode></VolumeCode><VolumeType>Organ</VolumeType><VolumeCodeTable></VolumeCodeTable><StructureCode Code="7131" CodeScheme="FMA" CodeSchemeVersion="3.2"/></Identification><TypeIndex>2</TypeIndex><ColorAndStyle>Blue</ColorAndStyle><SearchCTLow>1000</SearchCTLow><SearchCTHigh>1000</SearchCTHigh><DVHLineStyle>0</DVHLineStyle><DVHLineColor>-16777216</DVHLineColor><DVHLineWidth>1</DVHLineWidth><EUDAlpha xsi:nil="true"></EUDAlpha><TCPAlpha xsi:nil="true"></TCPAlpha><TCPBeta xsi:nil="true"></TCPBeta><TCPGamma xsi:nil="true"></TCPGamma></Structure><Structure ID="Bronchus_Main" Name="Bronchus_Main"><Identification><VolumeID></VolumeID><VolumeCode></VolumeCode><VolumeType>Organ</VolumeType><VolumeCodeTable></VolumeCodeTable><StructureCode Code="7405" CodeScheme="FMA" CodeSchemeVersion="3.2"/></Identification><TypeIndex>2</TypeIndex><ColorAndStyle>LemonGreen</ColorAndStyle><SearchCTLow>1000</SearchCTLow><SearchCTHigh>1000</SearchCTHigh><DVHLineStyle>0</DVHLineStyle><DVHLineColor>-16777216</DVHLineColor><DVHLineWidth>1</DVHLineWidth><EUDAlpha xsi:nil="true"></EUDAlpha><TCPAlpha xsi:nil="true"></TCPAlpha><TCPBeta xsi:nil="true"></TCPBeta><TCPGamma xsi:nil="true"></TCPGamma></Structure><Structure ID="Brachial_Plex_R" Name="Brachial_Plex_R"><Identification><VolumeID></VolumeID><VolumeCode></VolumeCode><VolumeType>Organ</VolumeType><VolumeCodeTable></VolumeCodeTable><StructureCode Code="45244" CodeScheme="FMA" CodeSchemeVersion="3.2"/></Identification><TypeIndex>2</TypeIndex><ColorAndStyle>Yellow</ColorAndStyle><SearchCTLow>1000</SearchCTLow><SearchCTHigh>1000</SearchCTHigh><DVHLineStyle>1</DVHLineStyle><DVHLineColor>-16777216</DVHLineColor><DVHLineWidth>1</DVHLineWidth><EUDAlpha xsi:nil="true"></EUDAlpha><TCPAlpha xsi:nil="true"></TCPAlpha><TCPBeta xsi:nil="true"></TCPBeta><TCPGamma xsi:nil="true"></TCPGamma></Structure><Structure ID="External" Name="External"><Identification><VolumeID></VolumeID><VolumeCode>C44.9</VolumeCode><VolumeType>BODY</VolumeType><VolumeCodeTable>ICD-O-2</VolumeCodeTable><StructureCode Code="BODY" CodeScheme="99VMS_STRUCTCODE" CodeSchemeVersion="1.0"/></Identification><TypeIndex>2</TypeIndex><ColorAndStyle>Skin Rendering</ColorAndStyle><SearchCTLow xsi:nil="true"></SearchCTLow><SearchCTHigh xsi:nil="true"></SearchCTHigh><DVHLineStyle>0</DVHLineStyle><DVHLineColor>16711680</DVHLineColor><DVHLineWidth>1</DVHLineWidth><EUDAlpha xsi:nil="true"></EUDAlpha><TCPAlpha xsi:nil="true"></TCPAlpha><TCPBeta xsi:nil="true"></TCPBeta><TCPGamma xsi:nil="true"></TCPGamma></Structure><Structure ID="CTV_High" Name=""><Identification><VolumeID></VolumeID><VolumeCode></VolumeCode><VolumeType>CTV</VolumeType><VolumeCodeTable></VolumeCodeTable><StructureCode Code="CTV_High" CodeScheme="99VMS_STRUCTCODE" CodeSchemeVersion="1.0"/></Identification><TypeIndex>2</TypeIndex><ColorAndStyle>Cyan</ColorAndStyle><SearchCTLow xsi:nil="true"></SearchCTLow><SearchCTHigh xsi:nil="true"></SearchCTHigh><DVHLineStyle>0</DVHLineStyle><DVHLineColor>-16777216</DVHLineColor><DVHLineWidth>1</DVHLineWidth><EUDAlpha xsi:nil="true"></EUDAlpha><TCPAlpha xsi:nil="true"></TCPAlpha><TCPBeta xsi:nil="true"></TCPBeta><TCPGamma xsi:nil="true"></TCPGamma></Structure><Structure ID="PTV_High" Name=""><Identification><VolumeID></VolumeID><VolumeCode></VolumeCode><VolumeType>PTV</VolumeType><VolumeCodeTable></VolumeCodeTable><StructureCode Code="PTV_High" CodeScheme="99VMS_STRUCTCODE" CodeSchemeVersion="1.0"/></Identification><TypeIndex>2</TypeIndex><ColorAndStyle>Cyan</ColorAndStyle><SearchCTLow xsi:nil="true"></SearchCTLow><SearchCTHigh xsi:nil="true"></SearchCTHigh><DVHLineStyle>0</DVHLineStyle><DVHLineColor>-16777216</DVHLineColor><DVHLineWidth>1</DVHLineWidth><EUDAlpha xsi:nil="true"></EUDAlpha><TCPAlpha xsi:nil="true"></TCPAlpha><TCPBeta xsi:nil="true"></TCPBeta><TCPGamma xsi:nil="true"></TCPGamma></Structure><Structure ID="zOptPTV_High" Name=""><Identification><VolumeID></VolumeID><VolumeCode></VolumeCode><VolumeType>Control</VolumeType><VolumeCodeTable></VolumeCodeTable><StructureCode Code="PTV_High" CodeScheme="99VMS_STRUCTCODE" CodeSchemeVersion="1.0"/></Identification><TypeIndex>2</TypeIndex><ColorAndStyle>Purple</ColorAndStyle><SearchCTLow xsi:nil="true"></SearchCTLow><SearchCTHigh xsi:nil="true"></SearchCTHigh><DVHLineStyle>0</DVHLineStyle><DVHLineColor>-16777216</DVHLineColor><DVHLineWidth>1</DVHLineWidth><EUDAlpha xsi:nil="true"></EUDAlpha><TCPAlpha xsi:nil="true"></TCPAlpha><TCPBeta xsi:nil="true"></TCPBeta><TCPGamma xsi:nil="true"></TCPGamma></Structure><Structure ID="CTV_Low" Name="CTV_Low"><Identification><VolumeID></VolumeID><VolumeCode></VolumeCode><VolumeType>CTV</VolumeType><VolumeCodeTable></VolumeCodeTable><StructureCode Code="CTV_Low" CodeScheme="99VMS_STRUCTCODE" CodeSchemeVersion="1.0"/></Identification><TypeIndex>2</TypeIndex><ColorAndStyle>Pink</ColorAndStyle><SearchCTLow>1000</SearchCTLow><SearchCTHigh>1000</SearchCTHigh><DVHLineStyle>0</DVHLineStyle><DVHLineColor>-16777216</DVHLineColor><DVHLineWidth>1</DVHLineWidth><EUDAlpha xsi:nil="true"></EUDAlpha><TCPAlpha xsi:nil="true"></TCPAlpha><TCPBeta xsi:nil="true"></TCPBeta><TCPGamma xsi:nil="true"></TCPGamma></Structure><Structure ID="zOptPTV_Low!" Name=""><Identification><VolumeID></VolumeID><VolumeCode></VolumeCode><VolumeType>Control</VolumeType><VolumeCodeTable></VolumeCodeTable></Identification><TypeIndex>2</TypeIndex><ColorAndStyle>Purple</ColorAndStyle><SearchCTLow>1000</SearchCTLow><SearchCTHigh>1000</SearchCTHigh><DVHLineStyle>0</DVHLineStyle><DVHLineColor>-16777216</DVHLineColor><DVHLineWidth>1</DVHLineWidth><EUDAlpha xsi:nil="true"></EUDAlpha><TCPAlpha xsi:nil="true"></TCPAlpha><TCPBeta xsi:nil="true"></TCPBeta><TCPGamma xsi:nil="true"></TCPGamma></Structure><Structure ID="zRingPTV_High" Name=""><Identification><VolumeID></VolumeID><VolumeCode></VolumeCode><VolumeType>Control</VolumeType><VolumeCodeTable></VolumeCodeTable></Identification><TypeIndex>2</TypeIndex><ColorAndStyle>Purple</ColorAndStyle><SearchCTLow>1000</SearchCTLow><SearchCTHigh>1000</SearchCTHigh><DVHLineStyle>0</DVHLineStyle><DVHLineColor>-16777216</DVHLineColor><DVHLineWidth>1</DVHLineWidth><EUDAlpha xsi:nil="true"></EUDAlpha><TCPAlpha xsi:nil="true"></TCPAlpha><TCPBeta xsi:nil="true"></TCPBeta><TCPGamma xsi:nil="true"></TCPGamma></Structure><Structure ID="zRingPTV_Low!" Name=""><Identification><VolumeID></VolumeID><VolumeCode></VolumeCode><VolumeType>Control</VolumeType><VolumeCodeTable></VolumeCodeTable></Identification><TypeIndex>2</TypeIndex><ColorAndStyle>Purple</ColorAndStyle><SearchCTLow>1000</SearchCTLow><SearchCTHigh>1000</SearchCTHigh><DVHLineStyle>0</DVHLineStyle><DVHLineColor>-16777216</DVHLineColor><DVHLineWidth>1</DVHLineWidth><EUDAlpha xsi:nil="true"></EUDAlpha><TCPAlpha xsi:nil="true"></TCPAlpha><TCPBeta xsi:nil="true"></TCPBeta><TCPGamma xsi:nil="true"></TCPGamma></Structure><Structure ID="PTV_Low" Name="PTV_Low"><Identification><VolumeID></VolumeID><VolumeCode></VolumeCode><VolumeType>PTV</VolumeType><VolumeCodeTable></VolumeCodeTable><StructureCode Code="PTV_Low" CodeScheme="99VMS_STRUCTCODE" CodeSchemeVersion="1.0"/></Identification><TypeIndex>2</TypeIndex><ColorAndStyle>Pink</ColorAndStyle><SearchCTLow>1000</SearchCTLow><SearchCTHigh>1000</SearchCTHigh><DVHLineStyle>0</DVHLineStyle><DVHLineColor>-16777216</DVHLineColor><DVHLineWidth>1</DVHLineWidth><EUDAlpha xsi:nil="true"></EUDAlpha><TCPAlpha xsi:nil="true"></TCPAlpha><TCPBeta xsi:nil="true"></TCPBeta><TCPGamma xsi:nil="true"></TCPGamma></Structure><Structure ID="Brachial_Plex_L" Name="Brachial_Plex_L"><Identification><VolumeID></VolumeID><VolumeCode></VolumeCode><VolumeType>Organ</VolumeType><VolumeCodeTable></VolumeCodeTable><StructureCode Code="45245" CodeScheme="FMA" CodeSchemeVersion="3.2"/></Identification><TypeIndex>2</TypeIndex><ColorAndStyle>Yellow</ColorAndStyle><SearchCTLow>1000</SearchCTLow><SearchCTHigh>1000</SearchCTHigh><DVHLineStyle>0</DVHLineStyle><DVHLineColor>-16777216</DVHLineColor><DVHLineWidth>1</DVHLineWidth><EUDAlpha xsi:nil="true"></EUDAlpha><TCPAlpha xsi:nil="true"></TCPAlpha><TCPBeta xsi:nil="true"></TCPBeta><TCPGamma xsi:nil="true"></TCPGamma></Structure><Structure ID="Pericardium" Name="Pericardium"><Identification><VolumeID></VolumeID><VolumeCode>C38.0</VolumeCode><VolumeType>Organ</VolumeType><VolumeCodeTable>ICD-O-2</VolumeCodeTable></Identification><TypeIndex>2</TypeIndex><ColorAndStyle>Pink</ColorAndStyle><SearchCTLow>0</SearchCTLow><SearchCTHigh>0</SearchCTHigh><DVHLineStyle>0</DVHLineStyle><DVHLineColor>-16777216</DVHLineColor><DVHLineWidth>1</DVHLineWidth><EUDAlpha xsi:nil="true"></EUDAlpha><TCPAlpha xsi:nil="true"></TCPAlpha><TCPBeta xsi:nil="true"></TCPBeta><TCPGamma xsi:nil="true"></TCPGamma></Structure><Structure ID="SpinalCanal" Name="SpinalCanal"><Identification><VolumeID></VolumeID><VolumeCode>C72.0</VolumeCode><VolumeType>Organ</VolumeType><VolumeCodeTable>ICD-O-2</VolumeCodeTable></Identification><TypeIndex>2</TypeIndex><ColorAndStyle>Green</ColorAndStyle><SearchCTLow>20</SearchCTLow><SearchCTHigh>40</SearchCTHigh><DVHLineStyle>0</DVHLineStyle><DVHLineColor>-16777216</DVHLineColor><DVHLineWidth>1</DVHLineWidth><EUDAlpha xsi:nil="true"></EUDAlpha><TCPAlpha xsi:nil="true"></TCPAlpha><TCPBeta xsi:nil="true"></TCPBeta><TCPGamma xsi:nil="true"></TCPGamma></Structure><Structure ID="SpinalCanal_PRV" Name="SpinalCanal_PRV"><Identification><VolumeID></VolumeID><VolumeCode></VolumeCode><VolumeType>Avoidance</VolumeType><VolumeCodeTable></VolumeCodeTable></Identification><TypeIndex>2</TypeIndex><ColorAndStyle>Green</ColorAndStyle><SearchCTLow>1000</SearchCTLow><SearchCTHigh>1000</SearchCTHigh><DVHLineStyle>0</DVHLineStyle><DVHLineColor>-16777216</DVHLineColor><DVHLineWidth>1</DVHLineWidth><EUDAlpha xsi:nil="true"></EUDAlpha><TCPAlpha xsi:nil="true"></TCPAlpha><TCPBeta xsi:nil="true"></TCPBeta><TCPGamma xsi:nil="true"></TCPGamma></Structure><Structure ID="Ribs" Name="Ribs"><Identification><VolumeID></VolumeID><VolumeCode></VolumeCode><VolumeType>Organ</VolumeType><VolumeCodeTable></VolumeCodeTable></Identification><TypeIndex>2</TypeIndex><ColorAndStyle>DarkGreen</ColorAndStyle><SearchCTLow>1000</SearchCTLow><SearchCTHigh>1000</SearchCTHigh><DVHLineStyle>0</DVHLineStyle><DVHLineColor>-16777216</DVHLineColor><DVHLineWidth>1</DVHLineWidth><EUDAlpha xsi:nil="true"></EUDAlpha><TCPAlpha xsi:nil="true"></TCPAlpha><TCPBeta xsi:nil="true"></TCPBeta><TCPGamma xsi:nil="true"></TCPGamma></Structure><Structure ID="Chestwall" Name="Chestwall"><Identification><VolumeID></VolumeID><VolumeCode></VolumeCode><VolumeType>Organ</VolumeType><VolumeCodeTable></VolumeCodeTable></Identification><TypeIndex>2</TypeIndex><ColorAndStyle>DarkGreen</ColorAndStyle><SearchCTLow>1000</SearchCTLow><SearchCTHigh>1000</SearchCTHigh><DVHLineStyle>0</DVHLineStyle><DVHLineColor>-16777216</DVHLineColor><DVHLineWidth>1</DVHLineWidth><EUDAlpha xsi:nil="true"></EUDAlpha><TCPAlpha xsi:nil="true"></TCPAlpha><TCPBeta xsi:nil="true"></TCPBeta><TCPGamma xsi:nil="true"></TCPGamma></Structure><Structure ID="Trachea" Name="Trachea"><Identification><VolumeID></VolumeID><VolumeCode></VolumeCode><VolumeType>Organ</VolumeType><VolumeCodeTable></VolumeCodeTable></Identification><TypeIndex>2</TypeIndex><ColorAndStyle>DarkGreen</ColorAndStyle><SearchCTLow>1000</SearchCTLow><SearchCTHigh>1000</SearchCTHigh><DVHLineStyle>0</DVHLineStyle><DVHLineColor>-16777216</DVHLineColor><DVHLineWidth>1</DVHLineWidth><EUDAlpha xsi:nil="true"></EUDAlpha><TCPAlpha xsi:nil="true"></TCPAlpha><TCPBeta xsi:nil="true"></TCPBeta><TCPGamma xsi:nil="true"></TCPGamma></Structure><Structure ID="Lungs-ITV" Name=""><Identification><VolumeID></VolumeID><VolumeCode></VolumeCode><VolumeType>Organ</VolumeType><VolumeCodeTable></VolumeCodeTable></Identification><TypeIndex>2</TypeIndex><ColorAndStyle>Yellow</ColorAndStyle><SearchCTLow>1000</SearchCTLow><SearchCTHigh>1000</SearchCTHigh><DVHLineStyle>0</DVHLineStyle><DVHLineColor>-16777216</DVHLineColor><DVHLineWidth>1</DVHLineWidth><EUDAlpha xsi:nil="true"></EUDAlpha><TCPAlpha xsi:nil="true"></TCPAlpha><TCPBeta xsi:nil="true"></TCPBeta><TCPGamma xsi:nil="true"></TCPGamma></Structure><Structure ID="Liver" Name="Liver"><Identification><VolumeID></VolumeID><VolumeCode></VolumeCode><VolumeType>Organ</VolumeType><VolumeCodeTable></VolumeCodeTable></Identification><TypeIndex>2</TypeIndex><ColorAndStyle>Blue</ColorAndStyle><SearchCTLow>1000</SearchCTLow><SearchCTHigh>1000</SearchCTHigh><DVHLineStyle>0</DVHLineStyle><DVHLineColor>-16777216</DVHLineColor><DVHLineWidth>1</DVHLineWidth><EUDAlpha xsi:nil="true"></EUDAlpha><TCPAlpha xsi:nil="true"></TCPAlpha><TCPBeta xsi:nil="true"></TCPBeta><TCPGamma xsi:nil="true"></TCPGamma></Structure><Structure ID="Stomach" Name="Stomach"><Identification><VolumeID></VolumeID><VolumeCode>C16.9</VolumeCode><VolumeType>Organ</VolumeType><VolumeCodeTable>ICD-O-2</VolumeCodeTable></Identification><TypeIndex>2</TypeIndex><ColorAndStyle>Red</ColorAndStyle><SearchCTLow>0</SearchCTLow><SearchCTHigh>0</SearchCTHigh><DVHLineStyle>0</DVHLineStyle><DVHLineColor>-16777216</DVHLineColor><DVHLineWidth>1</DVHLineWidth><EUDAlpha xsi:nil="true"></EUDAlpha><TCPAlpha xsi:nil="true"></TCPAlpha><TCPBeta xsi:nil="true"></TCPBeta><TCPGamma xsi:nil="true"></TCPGamma></Structure></Structures></StructureTemplate>
