<?xml version="1.0" encoding="UTF-8"?>
<StructureTemplate Version="1.1" xmlns:xsi="http://www.w3.org/2001/XMLSchema-instance"><Preview ID="UM_AAPMTG263_HN" Type="Structure" ApprovalStatus="Unapproved" Diagnosis="" TreatmentSite="HN" Description="[2015-11-19] TG-263 Nomenclature version of HN Template" AssignedUsers="cmayo" LastModified=" March 03 2018 16:18:39:254" ApprovalHistory="cmayo Created [ March 03 2018 15:19:41:830 ]"/><Structures><Structure ID="Brain" Name="Brain"><Identification><VolumeID></VolumeID><VolumeCode></VolumeCode><VolumeType>Organ</VolumeType><VolumeCodeTable></VolumeCodeTable><StructureCode Code="50801" CodeScheme="FMA" CodeSchemeVersion="3.2"/></Identification><TypeIndex>2</TypeIndex><ColorAndStyle>Green</ColorAndStyle><SearchCTLow>1000</SearchCTLow><SearchCTHigh>1000</SearchCTHigh><DVHLineStyle>0</DVHLineStyle><DVHLineColor>-16777216</DVHLineColor><DVHLineWidth>1</DVHLineWidth><EUDAlpha xsi:nil="true"></EUDAlpha><TCPAlpha xsi:nil="true"></TCPAlpha><TCPBeta xsi:nil="true"></TCPBeta><TCPGamma xsi:nil="true"></TCPGamma></Structure><Structure ID="Brainstem" Name="Brainstem"><Identification><VolumeID></VolumeID><VolumeCode></VolumeCode><VolumeType>Organ</VolumeType><VolumeCodeTable></VolumeCodeTable><StructureCode Code="79876" CodeScheme="FMA" CodeSchemeVersion="3.2"/></Identification><TypeIndex>2</TypeIndex><ColorAndStyle>LemonGreen</ColorAndStyle><SearchCTLow>1000</SearchCTLow><SearchCTHigh>1000</SearchCTHigh><DVHLineStyle>0</DVHLineStyle><DVHLineColor>-16777216</DVHLineColor><DVHLineWidth>1</DVHLineWidth><EUDAlpha xsi:nil="true"></EUDAlpha><TCPAlpha xsi:nil="true"></TCPAlpha><TCPBeta xsi:nil="true"></TCPBeta><TCPGamma xsi:nil="true"></TCPGamma></Structure><Structure ID="Brainstem_PRV" Name="Brainstem_PRV"><Identification><VolumeID></VolumeID><VolumeCode></VolumeCode><VolumeType>Organ</VolumeType><VolumeCodeTable></VolumeCodeTable><StructureCode Code="PRV" CodeScheme="99VMS_STRUCTCODE" CodeSchemeVersion="1.0"/></Identification><TypeIndex>2</TypeIndex><ColorAndStyle>LemonGreen</ColorAndStyle><SearchCTLow>1000</SearchCTLow><SearchCTHigh>1000</SearchCTHigh><DVHLineStyle>0</DVHLineStyle><DVHLineColor>-16777216</DVHLineColor><DVHLineWidth>1</DVHLineWidth><EUDAlpha xsi:nil="true"></EUDAlpha><TCPAlpha xsi:nil="true"></TCPAlpha><TCPBeta xsi:nil="true"></TCPBeta><TCPGamma xsi:nil="true"></TCPGamma></Structure><Structure ID="OpticChiasm" Name="OpticChiasm"><Identification><VolumeID></VolumeID><VolumeCode></VolumeCode><VolumeType>Organ</VolumeType><VolumeCodeTable></VolumeCodeTable><StructureCode Code="62045" CodeScheme="FMA" CodeSchemeVersion="3.2"/></Identification><TypeIndex>2</TypeIndex><ColorAndStyle>DarkGreen</ColorAndStyle><SearchCTLow>1000</SearchCTLow><SearchCTHigh>1000</SearchCTHigh><DVHLineStyle>0</DVHLineStyle><DVHLineColor>-16777216</DVHLineColor><DVHLineWidth>1</DVHLineWidth><EUDAlpha xsi:nil="true"></EUDAlpha><TCPAlpha xsi:nil="true"></TCPAlpha><TCPBeta xsi:nil="true"></TCPBeta><TCPGamma xsi:nil="true"></TCPGamma></Structure><Structure ID="OpticChiasm_PRV" Name="OpticChiasm_PRV"><Identification><VolumeID></VolumeID><VolumeCode></VolumeCode><VolumeType>Organ</VolumeType><VolumeCodeTable></VolumeCodeTable><StructureCode Code="PRV" CodeScheme="99VMS_STRUCTCODE" CodeSchemeVersion="1.0"/></Identification><TypeIndex>2</TypeIndex><ColorAndStyle>DarkGreen</ColorAndStyle><SearchCTLow>1000</SearchCTLow><SearchCTHigh>1000</SearchCTHigh><DVHLineStyle>0</DVHLineStyle><DVHLineColor>-16777216</DVHLineColor><DVHLineWidth>1</DVHLineWidth><EUDAlpha xsi:nil="true"></EUDAlpha><TCPAlpha xsi:nil="true"></TCPAlpha><TCPBeta xsi:nil="true"></TCPBeta><TCPGamma xsi:nil="true"></TCPGamma></Structure><Structure ID="Cochlea_L" Name="Cochlea_L"><Identification><VolumeID></VolumeID><VolumeCode></VolumeCode><VolumeType>Organ</VolumeType><VolumeCodeTable></VolumeCodeTable><StructureCode Code="60203" CodeScheme="FMA" CodeSchemeVersion="3.2"/></Identification><TypeIndex>2</TypeIndex><ColorAndStyle>Purple</ColorAndStyle><SearchCTLow>1000</SearchCTLow><SearchCTHigh>1000</SearchCTHigh><DVHLineStyle>0</DVHLineStyle><DVHLineColor>-16777216</DVHLineColor><DVHLineWidth>1</DVHLineWidth><EUDAlpha xsi:nil="true"></EUDAlpha><TCPAlpha xsi:nil="true"></TCPAlpha><TCPBeta xsi:nil="true"></TCPBeta><TCPGamma xsi:nil="true"></TCPGamma></Structure><Structure ID="Cochlea_R" Name="Cochlea_R"><Identification><VolumeID></VolumeID><VolumeCode></VolumeCode><VolumeType>Organ</VolumeType><VolumeCodeTable></VolumeCodeTable><StructureCode Code="60202" CodeScheme="FMA" CodeSchemeVersion="3.2"/></Identification><TypeIndex>2</TypeIndex><ColorAndStyle>Purple</ColorAndStyle><SearchCTLow>1000</SearchCTLow><SearchCTHigh>1000</SearchCTHigh><DVHLineStyle>1</DVHLineStyle><DVHLineColor>-16777216</DVHLineColor><DVHLineWidth>1</DVHLineWidth><EUDAlpha xsi:nil="true"></EUDAlpha><TCPAlpha xsi:nil="true"></TCPAlpha><TCPBeta xsi:nil="true"></TCPBeta><TCPGamma xsi:nil="true"></TCPGamma></Structure><Structure ID="Musc_Constrict_S" Name="Musc_Constrict_S"><Identification><VolumeID></VolumeID><VolumeCode></VolumeCode><VolumeType>Organ</VolumeType><VolumeCodeTable></VolumeCodeTable><StructureCode Code="46621" CodeScheme="FMA" CodeSchemeVersion="3.2"/></Identification><TypeIndex>2</TypeIndex><ColorAndStyle>Yellow</ColorAndStyle><SearchCTLow>1000</SearchCTLow><SearchCTHigh>1000</SearchCTHigh><DVHLineStyle>0</DVHLineStyle><DVHLineColor>-16777216</DVHLineColor><DVHLineWidth>1</DVHLineWidth><EUDAlpha xsi:nil="true"></EUDAlpha><TCPAlpha xsi:nil="true"></TCPAlpha><TCPBeta xsi:nil="true"></TCPBeta><TCPGamma xsi:nil="true"></TCPGamma></Structure><Structure ID="SpinalCord" Name="SpinalCord"><Identification><VolumeID></VolumeID><VolumeCode></VolumeCode><VolumeType>Organ</VolumeType><VolumeCodeTable></VolumeCodeTable><StructureCode Code="7647" CodeScheme="FMA" CodeSchemeVersion="3.2"/></Identification><TypeIndex>2</TypeIndex><ColorAndStyle>Green</ColorAndStyle><SearchCTLow>1000</SearchCTLow><SearchCTHigh>1000</SearchCTHigh><DVHLineStyle>0</DVHLineStyle><DVHLineColor>-16777216</DVHLineColor><DVHLineWidth>1</DVHLineWidth><EUDAlpha xsi:nil="true"></EUDAlpha><TCPAlpha xsi:nil="true"></TCPAlpha><TCPBeta xsi:nil="true"></TCPBeta><TCPGamma xsi:nil="true"></TCPGamma></Structure><Structure ID="SpinalCord_PRV" Name="SpinalCord_PRV"><Identification><VolumeID></VolumeID><VolumeCode></VolumeCode><VolumeType>Organ</VolumeType><VolumeCodeTable></VolumeCodeTable><StructureCode Code="PRV" CodeScheme="99VMS_STRUCTCODE" CodeSchemeVersion="1.0"/></Identification><TypeIndex>2</TypeIndex><ColorAndStyle>Green</ColorAndStyle><SearchCTLow>1000</SearchCTLow><SearchCTHigh>1000</SearchCTHigh><DVHLineStyle>0</DVHLineStyle><DVHLineColor>-16777216</DVHLineColor><DVHLineWidth>1</DVHLineWidth><EUDAlpha xsi:nil="true"></EUDAlpha><TCPAlpha xsi:nil="true"></TCPAlpha><TCPBeta xsi:nil="true"></TCPBeta><TCPGamma xsi:nil="true"></TCPGamma></Structure><Structure ID="Esophagus" Name="Esophagus"><Identification><VolumeID></VolumeID><VolumeCode></VolumeCode><VolumeType>Organ</VolumeType><VolumeCodeTable></VolumeCodeTable><StructureCode Code="7131" CodeScheme="FMA" CodeSchemeVersion="3.2"/></Identification><TypeIndex>2</TypeIndex><ColorAndStyle>Blue</ColorAndStyle><SearchCTLow>1000</SearchCTLow><SearchCTHigh>1000</SearchCTHigh><DVHLineStyle>0</DVHLineStyle><DVHLineColor>-16777216</DVHLineColor><DVHLineWidth>1</DVHLineWidth><EUDAlpha xsi:nil="true"></EUDAlpha><TCPAlpha xsi:nil="true"></TCPAlpha><TCPBeta xsi:nil="true"></TCPBeta><TCPGamma xsi:nil="true"></TCPGamma></Structure><Structure ID="Glnd_Lacrimal_L" Name="Glnd_Lacrimal_L"><Identification><VolumeID></VolumeID><VolumeCode></VolumeCode><VolumeType>Organ</VolumeType><VolumeCodeTable></VolumeCodeTable><StructureCode Code="59103" CodeScheme="FMA" CodeSchemeVersion="3.2"/></Identification><TypeIndex>2</TypeIndex><ColorAndStyle>Pink</ColorAndStyle><SearchCTLow>1000</SearchCTLow><SearchCTHigh>1000</SearchCTHigh><DVHLineStyle>0</DVHLineStyle><DVHLineColor>-16777216</DVHLineColor><DVHLineWidth>1</DVHLineWidth><EUDAlpha xsi:nil="true"></EUDAlpha><TCPAlpha xsi:nil="true"></TCPAlpha><TCPBeta xsi:nil="true"></TCPBeta><TCPGamma xsi:nil="true"></TCPGamma></Structure><Structure ID="Glnd_Lacrimal_R" Name="Glnd_Lacrimal_R"><Identification><VolumeID></VolumeID><VolumeCode></VolumeCode><VolumeType>Organ</VolumeType><VolumeCodeTable></VolumeCodeTable><StructureCode Code="59102" CodeScheme="FMA" CodeSchemeVersion="3.2"/></Identification><TypeIndex>2</TypeIndex><ColorAndStyle>Pink</ColorAndStyle><SearchCTLow>1000</SearchCTLow><SearchCTHigh>1000</SearchCTHigh><DVHLineStyle>1</DVHLineStyle><DVHLineColor>-16777216</DVHLineColor><DVHLineWidth>1</DVHLineWidth><EUDAlpha xsi:nil="true"></EUDAlpha><TCPAlpha xsi:nil="true"></TCPAlpha><TCPBeta xsi:nil="true"></TCPBeta><TCPGamma xsi:nil="true"></TCPGamma></Structure><Structure ID="Larynx" Name="Larynx"><Identification><VolumeID></VolumeID><VolumeCode></VolumeCode><VolumeType>Organ</VolumeType><VolumeCodeTable></VolumeCodeTable><StructureCode Code="55097" CodeScheme="FMA" CodeSchemeVersion="3.2"/></Identification><TypeIndex>2</TypeIndex><ColorAndStyle>Cyan</ColorAndStyle><SearchCTLow>1000</SearchCTLow><SearchCTHigh>1000</SearchCTHigh><DVHLineStyle>0</DVHLineStyle><DVHLineColor>-16777216</DVHLineColor><DVHLineWidth>1</DVHLineWidth><EUDAlpha xsi:nil="true"></EUDAlpha><TCPAlpha xsi:nil="true"></TCPAlpha><TCPBeta xsi:nil="true"></TCPBeta><TCPGamma xsi:nil="true"></TCPGamma></Structure><Structure ID="Lens_L" Name="Lens_L"><Identification><VolumeID></VolumeID><VolumeCode></VolumeCode><VolumeType>Organ</VolumeType><VolumeCodeTable></VolumeCodeTable><StructureCode Code="58243" CodeScheme="FMA" CodeSchemeVersion="3.2"/></Identification><TypeIndex>2</TypeIndex><ColorAndStyle>Purple</ColorAndStyle><SearchCTLow>1000</SearchCTLow><SearchCTHigh>1000</SearchCTHigh><DVHLineStyle>0</DVHLineStyle><DVHLineColor>-16777216</DVHLineColor><DVHLineWidth>1</DVHLineWidth><EUDAlpha xsi:nil="true"></EUDAlpha><TCPAlpha xsi:nil="true"></TCPAlpha><TCPBeta xsi:nil="true"></TCPBeta><TCPGamma xsi:nil="true"></TCPGamma></Structure><Structure ID="Lens_R" Name="Lens_R"><Identification><VolumeID></VolumeID><VolumeCode></VolumeCode><VolumeType>Organ</VolumeType><VolumeCodeTable></VolumeCodeTable><StructureCode Code="58242" CodeScheme="FMA" CodeSchemeVersion="3.2"/></Identification><TypeIndex>2</TypeIndex><ColorAndStyle>Purple</ColorAndStyle><SearchCTLow>1000</SearchCTLow><SearchCTHigh>1000</SearchCTHigh><DVHLineStyle>0</DVHLineStyle><DVHLineColor>-16777216</DVHLineColor><DVHLineWidth>1</DVHLineWidth><EUDAlpha xsi:nil="true"></EUDAlpha><TCPAlpha xsi:nil="true"></TCPAlpha><TCPBeta xsi:nil="true"></TCPBeta><TCPGamma xsi:nil="true"></TCPGamma></Structure><Structure ID="Lips" Name="Lips"><Identification><VolumeID></VolumeID><VolumeCode></VolumeCode><VolumeType>Organ</VolumeType><VolumeCodeTable></VolumeCodeTable><StructureCode Code="59815" CodeScheme="FMA" CodeSchemeVersion="3.2"/></Identification><TypeIndex>2</TypeIndex><ColorAndStyle>LemonGreen</ColorAndStyle><SearchCTLow>1000</SearchCTLow><SearchCTHigh>1000</SearchCTHigh><DVHLineStyle>1</DVHLineStyle><DVHLineColor>-16777216</DVHLineColor><DVHLineWidth>1</DVHLineWidth><EUDAlpha xsi:nil="true"></EUDAlpha><TCPAlpha xsi:nil="true"></TCPAlpha><TCPBeta xsi:nil="true"></TCPBeta><TCPGamma xsi:nil="true"></TCPGamma></Structure><Structure ID="Bone_Mandible" Name="Bone_Mandible"><Identification><VolumeID></VolumeID><VolumeCode></VolumeCode><VolumeType>Organ</VolumeType><VolumeCodeTable></VolumeCodeTable><StructureCode Code="52748" CodeScheme="FMA" CodeSchemeVersion="3.2"/></Identification><TypeIndex>2</TypeIndex><ColorAndStyle>Yellow</ColorAndStyle><SearchCTLow>1000</SearchCTLow><SearchCTHigh>1000</SearchCTHigh><DVHLineStyle>0</DVHLineStyle><DVHLineColor>-16777216</DVHLineColor><DVHLineWidth>1</DVHLineWidth><EUDAlpha xsi:nil="true"></EUDAlpha><TCPAlpha xsi:nil="true"></TCPAlpha><TCPBeta xsi:nil="true"></TCPBeta><TCPGamma xsi:nil="true"></TCPGamma></Structure><Structure ID="OpticNrv_L" Name="OpticNrv_L"><Identification><VolumeID></VolumeID><VolumeCode></VolumeCode><VolumeType>Organ</VolumeType><VolumeCodeTable></VolumeCodeTable><StructureCode Code="50878" CodeScheme="FMA" CodeSchemeVersion="3.2"/></Identification><TypeIndex>2</TypeIndex><ColorAndStyle>Contour - Orange</ColorAndStyle><SearchCTLow>1000</SearchCTLow><SearchCTHigh>1000</SearchCTHigh><DVHLineStyle>0</DVHLineStyle><DVHLineColor>-16777216</DVHLineColor><DVHLineWidth>1</DVHLineWidth><EUDAlpha xsi:nil="true"></EUDAlpha><TCPAlpha xsi:nil="true"></TCPAlpha><TCPBeta xsi:nil="true"></TCPBeta><TCPGamma xsi:nil="true"></TCPGamma></Structure><Structure ID="OpticNrv_R" Name="OpticNrv_R"><Identification><VolumeID></VolumeID><VolumeCode></VolumeCode><VolumeType>Organ</VolumeType><VolumeCodeTable></VolumeCodeTable><StructureCode Code="50875" CodeScheme="FMA" CodeSchemeVersion="3.2"/></Identification><TypeIndex>2</TypeIndex><ColorAndStyle>Contour - Orange</ColorAndStyle><SearchCTLow>1000</SearchCTLow><SearchCTHigh>1000</SearchCTHigh><DVHLineStyle>1</DVHLineStyle><DVHLineColor>-16777216</DVHLineColor><DVHLineWidth>1</DVHLineWidth><EUDAlpha xsi:nil="true"></EUDAlpha><TCPAlpha xsi:nil="true"></TCPAlpha><TCPBeta xsi:nil="true"></TCPBeta><TCPGamma xsi:nil="true"></TCPGamma></Structure><Structure ID="OpticNrv_PRV_L" Name="OpticNrv_PRV_L"><Identification><VolumeID></VolumeID><VolumeCode></VolumeCode><VolumeType>Organ</VolumeType><VolumeCodeTable></VolumeCodeTable><StructureCode Code="PRV" CodeScheme="99VMS_STRUCTCODE" CodeSchemeVersion="1.0"/></Identification><TypeIndex>2</TypeIndex><ColorAndStyle>Pink</ColorAndStyle><SearchCTLow>1000</SearchCTLow><SearchCTHigh>1000</SearchCTHigh><DVHLineStyle>0</DVHLineStyle><DVHLineColor>-16777216</DVHLineColor><DVHLineWidth>1</DVHLineWidth><EUDAlpha xsi:nil="true"></EUDAlpha><TCPAlpha xsi:nil="true"></TCPAlpha><TCPBeta xsi:nil="true"></TCPBeta><TCPGamma xsi:nil="true"></TCPGamma></Structure><Structure ID="OpticNrv_PRV03_R" Name="OpticNrv_PRV03_R"><Identification><VolumeID></VolumeID><VolumeCode></VolumeCode><VolumeType>Organ</VolumeType><VolumeCodeTable></VolumeCodeTable></Identification><TypeIndex>2</TypeIndex><ColorAndStyle>Pink</ColorAndStyle><SearchCTLow>1000</SearchCTLow><SearchCTHigh>1000</SearchCTHigh><DVHLineStyle>1</DVHLineStyle><DVHLineColor>-16777216</DVHLineColor><DVHLineWidth>1</DVHLineWidth><EUDAlpha xsi:nil="true"></EUDAlpha><TCPAlpha xsi:nil="true"></TCPAlpha><TCPBeta xsi:nil="true"></TCPBeta><TCPGamma xsi:nil="true"></TCPGamma></Structure><Structure ID="Oral_Cavity" Name="Oral_Cavity"><Identification><VolumeID></VolumeID><VolumeCode></VolumeCode><VolumeType>Organ</VolumeType><VolumeCodeTable></VolumeCodeTable><StructureCode Code="20292" CodeScheme="FMA" CodeSchemeVersion="3.2"/></Identification><TypeIndex>2</TypeIndex><ColorAndStyle>Brown</ColorAndStyle><SearchCTLow>1000</SearchCTLow><SearchCTHigh>1000</SearchCTHigh><DVHLineStyle>0</DVHLineStyle><DVHLineColor>-16777216</DVHLineColor><DVHLineWidth>1</DVHLineWidth><EUDAlpha xsi:nil="true"></EUDAlpha><TCPAlpha xsi:nil="true"></TCPAlpha><TCPBeta xsi:nil="true"></TCPBeta><TCPGamma xsi:nil="true"></TCPGamma></Structure><Structure ID="Parotid_L" Name="Parotid_L"><Identification><VolumeID></VolumeID><VolumeCode></VolumeCode><VolumeType>Organ</VolumeType><VolumeCodeTable></VolumeCodeTable><StructureCode Code="59798" CodeScheme="FMA" CodeSchemeVersion="3.2"/></Identification><TypeIndex>2</TypeIndex><ColorAndStyle>Blue</ColorAndStyle><SearchCTLow>1000</SearchCTLow><SearchCTHigh>1000</SearchCTHigh><DVHLineStyle>0</DVHLineStyle><DVHLineColor>-16777216</DVHLineColor><DVHLineWidth>1</DVHLineWidth><EUDAlpha xsi:nil="true"></EUDAlpha><TCPAlpha xsi:nil="true"></TCPAlpha><TCPBeta xsi:nil="true"></TCPBeta><TCPGamma xsi:nil="true"></TCPGamma></Structure><Structure ID="Parotid_R" Name="Parotid_R"><Identification><VolumeID></VolumeID><VolumeCode></VolumeCode><VolumeType>Organ</VolumeType><VolumeCodeTable></VolumeCodeTable><StructureCode Code="59797" CodeScheme="FMA" CodeSchemeVersion="3.2"/></Identification><TypeIndex>2</TypeIndex><ColorAndStyle>Blue</ColorAndStyle><SearchCTLow>1000</SearchCTLow><SearchCTHigh>1000</SearchCTHigh><DVHLineStyle>1</DVHLineStyle><DVHLineColor>-16777216</DVHLineColor><DVHLineWidth>1</DVHLineWidth><EUDAlpha xsi:nil="true"></EUDAlpha><TCPAlpha xsi:nil="true"></TCPAlpha><TCPBeta xsi:nil="true"></TCPBeta><TCPGamma xsi:nil="true"></TCPGamma></Structure><Structure ID="Glnd_Submand_L" Name="Glnd_Submand_L"><Identification><VolumeID></VolumeID><VolumeCode></VolumeCode><VolumeType>Organ</VolumeType><VolumeCodeTable></VolumeCodeTable><StructureCode Code="59803" CodeScheme="FMA" CodeSchemeVersion="3.2"/></Identification><TypeIndex>2</TypeIndex><ColorAndStyle>Contour - Orange</ColorAndStyle><SearchCTLow>1000</SearchCTLow><SearchCTHigh>1000</SearchCTHigh><DVHLineStyle>0</DVHLineStyle><DVHLineColor>-16777216</DVHLineColor><DVHLineWidth>1</DVHLineWidth><EUDAlpha xsi:nil="true"></EUDAlpha><TCPAlpha xsi:nil="true"></TCPAlpha><TCPBeta xsi:nil="true"></TCPBeta><TCPGamma xsi:nil="true"></TCPGamma></Structure><Structure ID="Glnd_Submand_R" Name="Glnd_Submand_R"><Identification><VolumeID></VolumeID><VolumeCode></VolumeCode><VolumeType>Organ</VolumeType><VolumeCodeTable></VolumeCodeTable><StructureCode Code="59802" CodeScheme="FMA" CodeSchemeVersion="3.2"/></Identification><TypeIndex>2</TypeIndex><ColorAndStyle>Contour - Orange</ColorAndStyle><SearchCTLow>1000</SearchCTLow><SearchCTHigh>1000</SearchCTHigh><DVHLineStyle>1</DVHLineStyle><DVHLineColor>-16777216</DVHLineColor><DVHLineWidth>1</DVHLineWidth><EUDAlpha xsi:nil="true"></EUDAlpha><TCPAlpha xsi:nil="true"></TCPAlpha><TCPBeta xsi:nil="true"></TCPBeta><TCPGamma xsi:nil="true"></TCPGamma></Structure><Structure ID="Lobe_Temporal_L" Name="Lobe_Temporal_L"><Identification><VolumeID></VolumeID><VolumeCode></VolumeCode><VolumeType>Organ</VolumeType><VolumeCodeTable></VolumeCodeTable><StructureCode Code="72972" CodeScheme="FMA" CodeSchemeVersion="3.2"/></Identification><TypeIndex>2</TypeIndex><ColorAndStyle>DarkGreen</ColorAndStyle><SearchCTLow>1000</SearchCTLow><SearchCTHigh>1000</SearchCTHigh><DVHLineStyle>0</DVHLineStyle><DVHLineColor>-16777216</DVHLineColor><DVHLineWidth>1</DVHLineWidth><EUDAlpha xsi:nil="true"></EUDAlpha><TCPAlpha xsi:nil="true"></TCPAlpha><TCPBeta xsi:nil="true"></TCPBeta><TCPGamma xsi:nil="true"></TCPGamma></Structure><Structure ID="Lobe_Temporal_R" Name="Lobe_Temporal_R"><Identification><VolumeID></VolumeID><VolumeCode></VolumeCode><VolumeType>Organ</VolumeType><VolumeCodeTable></VolumeCodeTable><StructureCode Code="72971" CodeScheme="FMA" CodeSchemeVersion="3.2"/></Identification><TypeIndex>2</TypeIndex><ColorAndStyle>DarkGreen</ColorAndStyle><SearchCTLow>1000</SearchCTLow><SearchCTHigh>1000</SearchCTHigh><DVHLineStyle>1</DVHLineStyle><DVHLineColor>-16777216</DVHLineColor><DVHLineWidth>1</DVHLineWidth><EUDAlpha xsi:nil="true"></EUDAlpha><TCPAlpha xsi:nil="true"></TCPAlpha><TCPBeta xsi:nil="true"></TCPBeta><TCPGamma xsi:nil="true"></TCPGamma></Structure><Structure ID="Musc_Constrict_I" Name="Musc_Constrict_I"><Identification><VolumeID></VolumeID><VolumeCode></VolumeCode><VolumeType>Organ</VolumeType><VolumeCodeTable></VolumeCodeTable><StructureCode Code="46623" CodeScheme="FMA" CodeSchemeVersion="3.2"/></Identification><TypeIndex>2</TypeIndex><ColorAndStyle>Contour - Mag</ColorAndStyle><SearchCTLow>1000</SearchCTLow><SearchCTHigh>1000</SearchCTHigh><DVHLineStyle>0</DVHLineStyle><DVHLineColor>-16777216</DVHLineColor><DVHLineWidth>1</DVHLineWidth><EUDAlpha xsi:nil="true"></EUDAlpha><TCPAlpha xsi:nil="true"></TCPAlpha><TCPBeta xsi:nil="true"></TCPBeta><TCPGamma xsi:nil="true"></TCPGamma></Structure><Structure ID="Eye_L" Name="Eye_L"><Identification><VolumeID></VolumeID><VolumeCode></VolumeCode><VolumeType>Organ</VolumeType><VolumeCodeTable></VolumeCodeTable><StructureCode Code="12515" CodeScheme="FMA" CodeSchemeVersion="3.2"/></Identification><TypeIndex>2</TypeIndex><ColorAndStyle>Contour - Mag</ColorAndStyle><SearchCTLow>1000</SearchCTLow><SearchCTHigh>1000</SearchCTHigh><DVHLineStyle>0</DVHLineStyle><DVHLineColor>-16777216</DVHLineColor><DVHLineWidth>1</DVHLineWidth><EUDAlpha xsi:nil="true"></EUDAlpha><TCPAlpha xsi:nil="true"></TCPAlpha><TCPBeta xsi:nil="true"></TCPBeta><TCPGamma xsi:nil="true"></TCPGamma></Structure><Structure ID="Eye_R" Name="Eye_R"><Identification><VolumeID></VolumeID><VolumeCode></VolumeCode><VolumeType>Organ</VolumeType><VolumeCodeTable></VolumeCodeTable><StructureCode Code="12514" CodeScheme="FMA" CodeSchemeVersion="3.2"/></Identification><TypeIndex>2</TypeIndex><ColorAndStyle>Contour - Mag</ColorAndStyle><SearchCTLow>1000</SearchCTLow><SearchCTHigh>1000</SearchCTHigh><DVHLineStyle>1</DVHLineStyle><DVHLineColor>-16777216</DVHLineColor><DVHLineWidth>1</DVHLineWidth><EUDAlpha xsi:nil="true"></EUDAlpha><TCPAlpha xsi:nil="true"></TCPAlpha><TCPBeta xsi:nil="true"></TCPBeta><TCPGamma xsi:nil="true"></TCPGamma></Structure><Structure ID="zArtifact" Name="Artifact"><Identification><VolumeID></VolumeID><VolumeCode></VolumeCode><VolumeType>Contrast Agent</VolumeType><VolumeCodeTable></VolumeCodeTable><StructureCode Code="11296" CodeScheme="RADLEX" CodeSchemeVersion="3.8"/></Identification><TypeIndex>2</TypeIndex><ColorAndStyle>Black</ColorAndStyle><SearchCTLow>1000</SearchCTLow><SearchCTHigh>1000</SearchCTHigh><DVHLineStyle>0</DVHLineStyle><DVHLineColor>-16777216</DVHLineColor><DVHLineWidth>1</DVHLineWidth><EUDAlpha xsi:nil="true"></EUDAlpha><TCPAlpha xsi:nil="true"></TCPAlpha><TCPBeta xsi:nil="true"></TCPBeta><TCPGamma xsi:nil="true"></TCPGamma></Structure><Structure ID="CTV_High" Name="CTV_High"><Identification><VolumeID></VolumeID><VolumeCode></VolumeCode><VolumeType>CTV</VolumeType><VolumeCodeTable></VolumeCodeTable><StructureCode Code="CTV_High" CodeScheme="99VMS_STRUCTCODE" CodeSchemeVersion="1.0"/></Identification><TypeIndex>2</TypeIndex><ColorAndStyle>Cyan</ColorAndStyle><SearchCTLow>1000</SearchCTLow><SearchCTHigh>1000</SearchCTHigh><DVHLineStyle>0</DVHLineStyle><DVHLineColor>-16777216</DVHLineColor><DVHLineWidth>1</DVHLineWidth><EUDAlpha xsi:nil="true"></EUDAlpha><TCPAlpha xsi:nil="true"></TCPAlpha><TCPBeta xsi:nil="true"></TCPBeta><TCPGamma xsi:nil="true"></TCPGamma></Structure><Structure ID="CTV_Mid00" Name="CTV_Mid00"><Identification><VolumeID></VolumeID><VolumeCode></VolumeCode><VolumeType>CTV</VolumeType><VolumeCodeTable></VolumeCodeTable><StructureCode Code="CTV_Intermediate" CodeScheme="99VMS_STRUCTCODE" CodeSchemeVersion="1.0"/></Identification><TypeIndex>2</TypeIndex><ColorAndStyle>Yellow</ColorAndStyle><SearchCTLow>1000</SearchCTLow><SearchCTHigh>1000</SearchCTHigh><DVHLineStyle>0</DVHLineStyle><DVHLineColor>-16777216</DVHLineColor><DVHLineWidth>1</DVHLineWidth><EUDAlpha xsi:nil="true"></EUDAlpha><TCPAlpha xsi:nil="true"></TCPAlpha><TCPBeta xsi:nil="true"></TCPBeta><TCPGamma xsi:nil="true"></TCPGamma></Structure><Structure ID="CTV_Low" Name="CTV_Low"><Identification><VolumeID></VolumeID><VolumeCode></VolumeCode><VolumeType>CTV</VolumeType><VolumeCodeTable></VolumeCodeTable><StructureCode Code="CTV_Low" CodeScheme="99VMS_STRUCTCODE" CodeSchemeVersion="1.0"/></Identification><TypeIndex>2</TypeIndex><ColorAndStyle>Pink</ColorAndStyle><SearchCTLow>1000</SearchCTLow><SearchCTHigh>1000</SearchCTHigh><DVHLineStyle>0</DVHLineStyle><DVHLineColor>-16777216</DVHLineColor><DVHLineWidth>1</DVHLineWidth><EUDAlpha xsi:nil="true"></EUDAlpha><TCPAlpha xsi:nil="true"></TCPAlpha><TCPBeta xsi:nil="true"></TCPBeta><TCPGamma xsi:nil="true"></TCPGamma></Structure><Structure ID="PTV_High" Name="PTV_High"><Identification><VolumeID></VolumeID><VolumeCode></VolumeCode><VolumeType>PTV</VolumeType><VolumeCodeTable></VolumeCodeTable><StructureCode Code="PTV_High" CodeScheme="99VMS_STRUCTCODE" CodeSchemeVersion="1.0"/></Identification><TypeIndex>2</TypeIndex><ColorAndStyle>Cyan</ColorAndStyle><SearchCTLow>1000</SearchCTLow><SearchCTHigh>1000</SearchCTHigh><DVHLineStyle>0</DVHLineStyle><DVHLineColor>-16777216</DVHLineColor><DVHLineWidth>1</DVHLineWidth><EUDAlpha xsi:nil="true"></EUDAlpha><TCPAlpha xsi:nil="true"></TCPAlpha><TCPBeta xsi:nil="true"></TCPBeta><TCPGamma xsi:nil="true"></TCPGamma></Structure><Structure ID="PTV_Low" Name="PTV_Low"><Identification><VolumeID></VolumeID><VolumeCode></VolumeCode><VolumeType>PTV</VolumeType><VolumeCodeTable></VolumeCodeTable><StructureCode Code="PTV_Low" CodeScheme="99VMS_STRUCTCODE" CodeSchemeVersion="1.0"/></Identification><TypeIndex>2</TypeIndex><ColorAndStyle>Pink</ColorAndStyle><SearchCTLow>1000</SearchCTLow><SearchCTHigh>1000</SearchCTHigh><DVHLineStyle>0</DVHLineStyle><DVHLineColor>-16777216</DVHLineColor><DVHLineWidth>1</DVHLineWidth><EUDAlpha xsi:nil="true"></EUDAlpha><TCPAlpha xsi:nil="true"></TCPAlpha><TCPBeta xsi:nil="true"></TCPBeta><TCPGamma xsi:nil="true"></TCPGamma></Structure><Structure ID="CTV_Mid01" Name="CTV_Mid01"><Identification><VolumeID></VolumeID><VolumeCode></VolumeCode><VolumeType>CTV</VolumeType><VolumeCodeTable></VolumeCodeTable><StructureCode Code="CTV_Intermediate" CodeScheme="99VMS_STRUCTCODE" CodeSchemeVersion="1.0"/></Identification><TypeIndex>2</TypeIndex><ColorAndStyle>Blue</ColorAndStyle><SearchCTLow>1000</SearchCTLow><SearchCTHigh>1000</SearchCTHigh><DVHLineStyle>0</DVHLineStyle><DVHLineColor>-16777216</DVHLineColor><DVHLineWidth>1</DVHLineWidth><EUDAlpha xsi:nil="true"></EUDAlpha><TCPAlpha xsi:nil="true"></TCPAlpha><TCPBeta xsi:nil="true"></TCPBeta><TCPGamma xsi:nil="true"></TCPGamma></Structure><Structure ID="PTV_Mid01" Name="PTV_Mid01"><Identification><VolumeID></VolumeID><VolumeCode></VolumeCode><VolumeType>PTV</VolumeType><VolumeCodeTable></VolumeCodeTable><StructureCode Code="PTV_Intermediate" CodeScheme="99VMS_STRUCTCODE" CodeSchemeVersion="1.0"/></Identification><TypeIndex>2</TypeIndex><ColorAndStyle>Blue</ColorAndStyle><SearchCTLow>1000</SearchCTLow><SearchCTHigh>1000</SearchCTHigh><DVHLineStyle>0</DVHLineStyle><DVHLineColor>-16777216</DVHLineColor><DVHLineWidth>1</DVHLineWidth><EUDAlpha xsi:nil="true"></EUDAlpha><TCPAlpha xsi:nil="true"></TCPAlpha><TCPBeta xsi:nil="true"></TCPBeta><TCPGamma xsi:nil="true"></TCPGamma></Structure><Structure ID="PTV_Mid00" Name=""><Identification><VolumeID></VolumeID><VolumeCode></VolumeCode><VolumeType>PTV</VolumeType><VolumeCodeTable></VolumeCodeTable><StructureCode Code="PTV_Intermediate" CodeScheme="99VMS_STRUCTCODE" CodeSchemeVersion="1.0"/></Identification><TypeIndex>2</TypeIndex><ColorAndStyle>Yellow</ColorAndStyle><SearchCTLow>1000</SearchCTLow><SearchCTHigh>1000</SearchCTHigh><DVHLineStyle>0</DVHLineStyle><DVHLineColor>-16777216</DVHLineColor><DVHLineWidth>1</DVHLineWidth><EUDAlpha xsi:nil="true"></EUDAlpha><TCPAlpha xsi:nil="true"></TCPAlpha><TCPBeta xsi:nil="true"></TCPBeta><TCPGamma xsi:nil="true"></TCPGamma></Structure><Structure ID="SpinalCanal" Name="SpinalCanal"><Identification><VolumeID></VolumeID><VolumeCode></VolumeCode><VolumeType>Organ</VolumeType><VolumeCodeTable></VolumeCodeTable><StructureCode Code="9680" CodeScheme="FMA" CodeSchemeVersion="3.2"/></Identification><TypeIndex>2</TypeIndex><ColorAndStyle>Green</ColorAndStyle><SearchCTLow>1000</SearchCTLow><SearchCTHigh>1000</SearchCTHigh><DVHLineStyle>0</DVHLineStyle><DVHLineColor>-16777216</DVHLineColor><DVHLineWidth>1</DVHLineWidth><EUDAlpha xsi:nil="true"></EUDAlpha><TCPAlpha xsi:nil="true"></TCPAlpha><TCPBeta xsi:nil="true"></TCPBeta><TCPGamma xsi:nil="true"></TCPGamma></Structure><Structure ID="SpinalCanal_PRV" Name="SpinalCanal_PRV"><Identification><VolumeID></VolumeID><VolumeCode></VolumeCode><VolumeType>Organ</VolumeType><VolumeCodeTable></VolumeCodeTable></Identification><TypeIndex>2</TypeIndex><ColorAndStyle>Green</ColorAndStyle><SearchCTLow>1000</SearchCTLow><SearchCTHigh>1000</SearchCTHigh><DVHLineStyle>0</DVHLineStyle><DVHLineColor>-16777216</DVHLineColor><DVHLineWidth>1</DVHLineWidth><EUDAlpha xsi:nil="true"></EUDAlpha><TCPAlpha xsi:nil="true"></TCPAlpha><TCPBeta xsi:nil="true"></TCPBeta><TCPGamma xsi:nil="true"></TCPGamma></Structure><Structure ID="zOptPTV_High" Name="zOptPTV_High"><Identification><VolumeID></VolumeID><VolumeCode></VolumeCode><VolumeType>Control</VolumeType><VolumeCodeTable></VolumeCodeTable><StructureCode Code="NormalTissue" CodeScheme="99VMS_STRUCTCODE" CodeSchemeVersion="1.0"/></Identification><TypeIndex>2</TypeIndex><ColorAndStyle>Purple</ColorAndStyle><SearchCTLow>1000</SearchCTLow><SearchCTHigh>1000</SearchCTHigh><DVHLineStyle>0</DVHLineStyle><DVHLineColor>-16777216</DVHLineColor><DVHLineWidth>1</DVHLineWidth><EUDAlpha xsi:nil="true"></EUDAlpha><TCPAlpha xsi:nil="true"></TCPAlpha><TCPBeta xsi:nil="true"></TCPBeta><TCPGamma xsi:nil="true"></TCPGamma></Structure><Structure ID="zOptPTV_Mid00!" Name="zOptPTV_Mid00!"><Identification><VolumeID></VolumeID><VolumeCode></VolumeCode><VolumeType>Control</VolumeType><VolumeCodeTable></VolumeCodeTable><StructureCode Code="NormalTissue" CodeScheme="99VMS_STRUCTCODE" CodeSchemeVersion="1.0"/></Identification><TypeIndex>2</TypeIndex><ColorAndStyle>Purple</ColorAndStyle><SearchCTLow>1000</SearchCTLow><SearchCTHigh>1000</SearchCTHigh><DVHLineStyle>0</DVHLineStyle><DVHLineColor>-16777216</DVHLineColor><DVHLineWidth>1</DVHLineWidth><EUDAlpha xsi:nil="true"></EUDAlpha><TCPAlpha xsi:nil="true"></TCPAlpha><TCPBeta xsi:nil="true"></TCPBeta><TCPGamma xsi:nil="true"></TCPGamma></Structure><Structure ID="zOptPTV_Mid01!" Name="zOptPTV_Mid01!"><Identification><VolumeID></VolumeID><VolumeCode></VolumeCode><VolumeType>Control</VolumeType><VolumeCodeTable></VolumeCodeTable></Identification><TypeIndex>2</TypeIndex><ColorAndStyle>Purple</ColorAndStyle><SearchCTLow>1000</SearchCTLow><SearchCTHigh>1000</SearchCTHigh><DVHLineStyle>0</DVHLineStyle><DVHLineColor>-16777216</DVHLineColor><DVHLineWidth>1</DVHLineWidth><EUDAlpha xsi:nil="true"></EUDAlpha><TCPAlpha xsi:nil="true"></TCPAlpha><TCPBeta xsi:nil="true"></TCPBeta><TCPGamma xsi:nil="true"></TCPGamma></Structure><Structure ID="zOptPTV_Low!" Name="zOptvPTV_Low!"><Identification><VolumeID></VolumeID><VolumeCode></VolumeCode><VolumeType>Control</VolumeType><VolumeCodeTable></VolumeCodeTable></Identification><TypeIndex>2</TypeIndex><ColorAndStyle>Purple</ColorAndStyle><SearchCTLow>1000</SearchCTLow><SearchCTHigh>1000</SearchCTHigh><DVHLineStyle>0</DVHLineStyle><DVHLineColor>-16777216</DVHLineColor><DVHLineWidth>1</DVHLineWidth><EUDAlpha xsi:nil="true"></EUDAlpha><TCPAlpha xsi:nil="true"></TCPAlpha><TCPBeta xsi:nil="true"></TCPBeta><TCPGamma xsi:nil="true"></TCPGamma></Structure><Structure ID="zRingPTV_High" Name="zRingPTV_High"><Identification><VolumeID></VolumeID><VolumeCode></VolumeCode><VolumeType>Control</VolumeType><VolumeCodeTable></VolumeCodeTable></Identification><TypeIndex>2</TypeIndex><ColorAndStyle>Purple</ColorAndStyle><SearchCTLow>1000</SearchCTLow><SearchCTHigh>1000</SearchCTHigh><DVHLineStyle>0</DVHLineStyle><DVHLineColor>-16777216</DVHLineColor><DVHLineWidth>1</DVHLineWidth><EUDAlpha xsi:nil="true"></EUDAlpha><TCPAlpha xsi:nil="true"></TCPAlpha><TCPBeta xsi:nil="true"></TCPBeta><TCPGamma xsi:nil="true"></TCPGamma></Structure><Structure ID="zRingPTV_Mid00!" Name="zRingPTV_Mid00!"><Identification><VolumeID></VolumeID><VolumeCode></VolumeCode><VolumeType>Control</VolumeType><VolumeCodeTable></VolumeCodeTable></Identification><TypeIndex>2</TypeIndex><ColorAndStyle>Purple</ColorAndStyle><SearchCTLow>1000</SearchCTLow><SearchCTHigh>1000</SearchCTHigh><DVHLineStyle>0</DVHLineStyle><DVHLineColor>-16777216</DVHLineColor><DVHLineWidth>1</DVHLineWidth><EUDAlpha xsi:nil="true"></EUDAlpha><TCPAlpha xsi:nil="true"></TCPAlpha><TCPBeta xsi:nil="true"></TCPBeta><TCPGamma xsi:nil="true"></TCPGamma></Structure><Structure ID="zRingPTV_Mid01!" Name="zRingPTV_Mid01!"><Identification><VolumeID></VolumeID><VolumeCode></VolumeCode><VolumeType>Control</VolumeType><VolumeCodeTable></VolumeCodeTable></Identification><TypeIndex>2</TypeIndex><ColorAndStyle>Purple</ColorAndStyle><SearchCTLow>1000</SearchCTLow><SearchCTHigh>1000</SearchCTHigh><DVHLineStyle>0</DVHLineStyle><DVHLineColor>-16777216</DVHLineColor><DVHLineWidth>1</DVHLineWidth><EUDAlpha xsi:nil="true"></EUDAlpha><TCPAlpha xsi:nil="true"></TCPAlpha><TCPBeta xsi:nil="true"></TCPBeta><TCPGamma xsi:nil="true"></TCPGamma></Structure><Structure ID="zRingPTV_Low!" Name="zRingPTV_Low!"><Identification><VolumeID></VolumeID><VolumeCode></VolumeCode><VolumeType>Control</VolumeType><VolumeCodeTable></VolumeCodeTable></Identification><TypeIndex>2</TypeIndex><ColorAndStyle>Purple</ColorAndStyle><SearchCTLow>1000</SearchCTLow><SearchCTHigh>1000</SearchCTHigh><DVHLineStyle>0</DVHLineStyle><DVHLineColor>-16777216</DVHLineColor><DVHLineWidth>1</DVHLineWidth><EUDAlpha xsi:nil="true"></EUDAlpha><TCPAlpha xsi:nil="true"></TCPAlpha><TCPBeta xsi:nil="true"></TCPBeta><TCPGamma xsi:nil="true"></TCPGamma></Structure></Structures></StructureTemplate>
